timestamp,user_question,matched_question,accuracy_score
2025-09-05T12:15:15.908779,financial support,What financial support is available?,0.3254
2025-09-05T12:15:34.203010,I can't find a placement. What happens next?,Where can I find placements?,0.6018
2025-09-05T12:16:04.945489,What happens if i can't find a placement by the end of the year?,I'm not sure if I'm going to do a placement year. When do I have to decide by?,0.4739
2025-09-05T12:16:42.980293,What happens if i am unable to find a placement by september?,How long does my placement have to be?,0.3208
2025-09-05T12:19:46.705534,"If you dont manage to find a placement, what happens?",Where can I find placements?,0.3806
2025-09-05T12:19:46.706300,"If you dont manage to find a placement, what happens?",How long does my placement have to be?,0.3701
2025-09-05T12:19:46.706753,"If you dont manage to find a placement, what happens?","If you don't manage to find a placement, what are the steps to take from there? Do you go straight into your final year, or can you find an internship or something like that?",0.3245
2025-09-05T12:35:44.888394,"If you dont manage to find a placement, what happens?","If you don't manage to find a placement, what are the steps to take from there? Do you go straight into your final year, or can you find an internship or something like that?",0.3245
2025-09-05T12:35:44.889085,"If you dont manage to find a placement, what happens?",How long does my placement have to be?,0.3701
2025-09-05T12:35:44.889763,"If you dont manage to find a placement, what happens?",Where can I find placements?,0.3806
2025-09-05T12:36:43.934069,Is there a list of companies that give placements?,Do you have a list of companies that offer placements / have taken students in the past or do we just have to look online ourselves?,0.35
2025-09-05T12:36:43.934720,Is there a list of companies that give placements?,Where can I find placements?,0.4078
2025-09-05T12:36:43.935650,Is there a list of companies that give placements?,What roles / jobs are accepted as placements?,0.3738
2025-09-05T12:37:07.844490,What jobs count as placement?,What roles / jobs are accepted as placements?,0.7017
2025-09-05T12:37:07.845145,What jobs count as placement?,Are placements usually voluntary or can you get some paid placements too?,0.3159
2025-09-05T12:37:26.566815,When do i have to decide to do a placement?,I'm not sure if I'm going to do a placement year. When do I have to decide by?,0.7108
2025-09-05T12:37:26.567670,When do i have to decide to do a placement?,How long does my placement have to be?,0.6518
2025-09-05T12:37:26.568095,When do i have to decide to do a placement?,When should a part A student start looking for placements?,0.6664
2025-09-05T12:37:26.568525,When do i have to decide to do a placement?,Where can I find placements?,0.4272
2025-09-05T12:37:48.611755,Are there placements for first years?,Lots of placement require 2nd / 3rd year students. Do there have placements who accept 1st years students?,0.5906
2025-09-05T12:37:48.612259,Are there placements for first years?,When should a part A student start looking for placements?,0.4081
2025-09-05T12:37:48.612655,Are there placements for first years?,I'm not sure if I'm going to do a placement year. When do I have to decide by?,0.3716
2025-09-05T12:39:22.695192,Where can i find placements,Where can I find placements?,0.4137
2025-09-05T12:39:35.399995,Where can I find placements?,Where can I find placements?,1.0404
2025-09-05T12:39:35.400466,Where can I find placements?,Do you have a list of companies that offer placements / have taken students in the past or do we just have to look online ourselves?,0.3751
2025-09-05T12:39:39.839943,Where can I find placements?,Where can I find placements?,1.0404
2025-09-05T12:39:39.840414,Where can I find placements?,Do you have a list of companies that offer placements / have taken students in the past or do we just have to look online ourselves?,0.3751
2025-09-05T14:45:15.499728,What is the placement?,Where can I find placements?,0.5441
2025-09-05T14:45:30.146414,What is the placement year?,What is the Placement Year option at Loughborough University?,0.4698
2025-09-05T14:45:30.147010,What is the placement year?,I'm not sure if I'm going to do a placement year. When do I have to decide by?,0.5482
2025-09-05T14:45:49.886967,"Okay, what happens if I'm unable to find a placement?",Where can I find placements?,0.5058
2025-09-05T14:45:49.887558,"Okay, what happens if I'm unable to find a placement?",How long does my placement have to be?,0.3322
2025-09-05T14:46:17.703171,"Ok, if I don't manage to find a placement what happens?",How long does my placement have to be?,0.3045
2025-09-05T14:46:17.703683,"Ok, if I don't manage to find a placement what happens?",Where can I find placements?,0.4352
2025-09-05T14:46:33.760716,"If I don't manage to find a placement, what happens from there?","If you don't manage to find a placement, what are the steps to take from there? Do you go straight into your final year, or can you find an internship or something like that?",0.3245
2025-09-05T14:46:33.761243,"If I don't manage to find a placement, what happens from there?",How long does my placement have to be?,0.3004
2025-09-05T14:46:33.761621,"If I don't manage to find a placement, what happens from there?",Where can I find placements?,0.4085
2025-09-05T14:47:14.344497,What is the placement year?,What is the Placement Year option at Loughborough University?,0.4698
2025-09-05T14:47:14.345404,What is the placement year?,I'm not sure if I'm going to do a placement year. When do I have to decide by?,0.5482
2025-09-05T14:47:35.027106,Can I change my mind about a placement year?,I'm not sure if I'm going to do a placement year. When do I have to decide by?,0.5021
2025-09-05T14:48:07.982944,"Okay, how can I add or remove a placement year?",How can I add or remove a placement year from my route?,0.6499
2025-09-05T14:48:07.983493,"Okay, how can I add or remove a placement year?",I'm not sure if I'm going to do a placement year. When do I have to decide by?,0.334
2025-09-05T14:50:34.386330,What is the placement?,Where can I find placements?,0.5441
2025-09-05T14:51:03.570917,What is the placement year?,What is the Placement Year option at Loughborough University?,0.4698
2025-09-05T14:51:03.571600,What is the placement year?,I'm not sure if I'm going to do a placement year. When do I have to decide by?,0.5482
2025-09-05T14:51:37.959972,What happens if I can't find a placement?,"If you don't manage to find a placement, what are the steps to take from there? Do you go straight into your final year, or can you find an internship or something like that?",0.3184
2025-09-05T14:51:37.960567,What happens if I can't find a placement?,Where can I find placements?,0.4752
2025-09-05T14:51:37.961097,What happens if I can't find a placement?,How long does my placement have to be?,0.3234
2025-09-05T14:52:20.492999,Do you have a list of companies that offer placements?,Do you have a list of companies that offer placements / have taken students in the past or do we just have to look online ourselves?,0.4196
2025-09-05T14:52:20.493513,Do you have a list of companies that offer placements?,Where can I find placements?,0.4518
2025-09-05T14:52:20.494049,Do you have a list of companies that offer placements?,What roles / jobs are accepted as placements?,0.3833
2025-09-09T11:26:23.448004,"If i can't find a placement, what happens?",Where can I find placements?,0.5359
2025-09-09T11:26:23.448626,"If i can't find a placement, what happens?",How long does my placement have to be?,0.3044
2025-09-09T11:28:00.755135,"If I'm unable to find a placement, what happens?",Where can I find placements?,0.4986
2025-09-09T11:28:00.755689,"If I'm unable to find a placement, what happens?",How long does my placement have to be?,0.3219
2025-09-09T11:28:51.708105,"If i don't manage to find a placement, what happens?","If you don't manage to find a placement, what are the steps to take from there? Do you go straight into your final year, or can you find an internship or something like that?",0.3232
2025-09-09T11:28:51.708744,"If i don't manage to find a placement, what happens?",How long does my placement have to be?,0.3252
2025-09-09T11:28:51.709214,"If i don't manage to find a placement, what happens?",Where can I find placements?,0.3816
2025-09-09T11:30:51.787586,What is a placement year?,What is the Placement Year option at Loughborough University?,0.4479
2025-09-09T11:30:51.788060,What is a placement year?,I'm not sure if I'm going to do a placement year. When do I have to decide by?,0.6377
2025-09-09T11:30:51.788480,What is a placement year?,Are we able to do a study year abroad instead of a placement?,0.304
2025-09-09T11:30:51.788861,What is a placement year?,How long does my placement have to be?,0.33
2025-09-09T11:31:55.828987,Are placements usually voluntary?,Are placements usually voluntary or can you get some paid placements too?,0.7322
2025-09-09T11:32:09.026975,What jobs count as placements?,What roles / jobs are accepted as placements?,0.7148
2025-09-09T11:32:09.027757,What jobs count as placements?,Are placements usually voluntary or can you get some paid placements too?,0.3082
2025-09-09T11:32:26.062313,How can i get proof of student status?,How can I obtain proof of my student status?,1.033
